Country Name,Country Code,Time,Time Code,"Automated teller machines (ATMs) (per 100,000 adults) [FB.ATM.TOTL.P5]",GDP (current US$) [NY.GDP.MKTP.CD],GDP growth (annual %) [NY.GDP.MKTP.KD.ZG],GDP per capita (current US$) [NY.GDP.PCAP.CD],GDP per capita growth (annual %) [NY.GDP.PCAP.KD.ZG],Mobile cellular subscriptions (per 100 people) [IT.CEL.SETS.P2]
East Asia & Pacific,EAS,1971,YR1971,..,452784329892.622,5.14191279937543,341.960242243732,2.46583711586135,..
East Asia & Pacific,EAS,1972,YR1972,..,562058425673.805,7.45248273033299,414.517264563221,4.92848142785867,..
East Asia & Pacific,EAS,1973,YR1973,..,740869999972.327,7.71872954805983,534.465469692309,5.36774951649662,..
East Asia & Pacific,EAS,1974,YR1974,..,852972945327.525,0.58366662140854,602.272557096466,-1.55183201285439,..
East Asia & Pacific,EAS,1975,YR1975,..,933920749914.547,3.40780314185641,647.046684018795,1.46612726702875,0
East Asia & Pacific,EAS,1976,YR1976,..,1026745723354.75,4.20579273197335,699.623470077736,2.48675400285256,0
East Asia & Pacific,EAS,1977,YR1977,..,1223972713357.84,5.04909390985056,821.210479570016,3.43644598387505,0
East Asia & Pacific,EAS,1978,YR1978,..,1544901903362.38,5.61271281041395,1020.93177470304,4.02297347066978,0
East Asia & Pacific,EAS,1979,YR1979,..,1677595534268.37,5.8208859020408,1091.8753750803,4.22247702529019,0
East Asia & Pacific,EAS,1980,YR1980,..,1812981321182.75,3.58964363962664,1162.76781556976,2.07754148253781,0
East Asia & Pacific,EAS,1981,YR1981,..,1998628482473.91,4.57220522361996,1262.72522732277,3.01331868955508,0.000828109932376589
East Asia & Pacific,EAS,1982,YR1982,..,1958543102254.62,3.92437826381722,1217.48568015789,2.25189804650141,0.00121645986849021
East Asia & Pacific,EAS,1983,YR1983,..,2084750586491.27,4.08979082995226,1275.43569863308,2.44290170219332,0.00164470647844853
East Asia & Pacific,EAS,1984,YR1984,..,2233378136768.68,5.75288179856126,1346.11302464995,4.18543590403982,0.00263435166674558
East Asia & Pacific,EAS,1985,YR1985,..,2357130308495.04,5.49745120599965,1399.476020434,3.92129990802101,0.00413500586409983
East Asia & Pacific,EAS,1986,YR1986,..,3081078920189.09,4.55410738177022,1800.75817188716,2.9228493918926,0.00739230723445589
East Asia & Pacific,EAS,1987,YR1987,..,3618478206503.87,5.88231747978062,2080.69542446793,4.17257933492219,0.0127905234355222
East Asia & Pacific,EAS,1988,YR1988,..,4354170554615.11,7.43262625685581,2463.56083031236,5.7088858385749,0.0235082522107055
East Asia & Pacific,EAS,1989,YR1989,..,4534618493440.17,5.10351074366817,2526.02592311258,3.47999935724535,0.0495399002929796
East Asia & Pacific,EAS,1990,YR1990,..,4736096315721.29,5.09778757253898,2599.11865356222,3.53855646138771,0.0882825073427809
East Asia & Pacific,EAS,1991,YR1991,..,5347750524399.05,4.46699774779302,2893.45651140893,2.99576172207914,0.145204092011498
East Asia & Pacific,EAS,1992,YR1992,..,5842941664477.27,3.41735988132402,3120.42819332877,2.07755732416351,0.211898995068139
East Asia & Pacific,EAS,1993,YR1993,..,6535129751165.76,3.15345838719713,3446.9847018518,1.87937956908009,0.311311601211526
East Asia & Pacific,EAS,1994,YR1994,..,7308953618802.8,4.31809256259194,3808.01656470041,3.04291098478291,0.5747163151702
East Asia & Pacific,EAS,1995,YR1995,..,8306272703948.58,5.11609268763313,4276.2243547977,3.86754900241397,1.24323535652484
East Asia & Pacific,EAS,1996,YR1996,..,8004162084076.13,5.10681500548529,4073.06125410186,3.89188968668073,2.46539476331141
East Asia & Pacific,EAS,1997,YR1997,..,7659317500057.09,3.47431092390728,3854.10231093289,2.32002619719103,3.7087930736482
East Asia & Pacific,EAS,1998,YR1998,..,6865591961879.14,-0.0861082885862601,3417.91865431555,-1.15005263567767,5.26708765488622
East Asia & Pacific,EAS,1999,YR1999,..,7667692170991.06,3.01058695405881,3779.70134589648,1.99783279142463,7.77307781283943
East Asia & Pacific,EAS,2000,YR2000,..,8297740877966.68,4.89892431892058,4052.34337859087,3.92609013043248,11.3171719507417
East Asia & Pacific,EAS,2001,YR2001,..,7718718337412.97,2.69165429252168,3736.2279000556,1.78339807325176,15.703328992948
East Asia & Pacific,EAS,2002,YR2002,..,7844829803399.65,3.6210176417262,3765.7844194574,2.76177939182189,20.1777714689778
East Asia & Pacific,EAS,2003,YR2003,..,8626664087161.21,4.27080376055345,4108.71311964656,3.45553341256255,24.5600055013469
East Asia & Pacific,EAS,2004,YR2004,33.4607238692417,9677447362490.42,5.1800510939197,4574.63326831179,4.39168610563753,29.3985604990415
East Asia & Pacific,EAS,2005,YR2005,30.6534256193579,10332299676968.9,5.06637000002956,4848.23453824267,4.29293483256646,33.8350475773354
East Asia & Pacific,EAS,2006,YR2006,35.2090403178416,10960325073229.6,5.5423962183466,5105.55738845098,4.775574304272,39.2167404888752
East Asia & Pacific,EAS,2007,YR2007,40.177154298109,12262820750019.9,6.48084311953335,5672.54259773892,5.73995956067132,47.7391779927074
East Asia & Pacific,EAS,2008,YR2008,15.6203831013178,14147981845874.9,3.53639067150733,6498.48764495174,2.80717821834131,56.7687104832466
East Asia & Pacific,EAS,2009,YR2009,19.8934001303742,14572247880948.8,1.38645155717418,6647.74311372798,0.695438688453436,64.5919850805949
East Asia & Pacific,EAS,2010,YR2010,24.9137521108575,16988581956233.6,7.06989252172798,7697.99280464496,6.35062812658025,73.3646458225833
East Asia & Pacific,EAS,2011,YR2011,31.4555900651934,19687263988191.7,4.61047770193017,8861.4584655038,3.91414187377212,82.8808508812339
East Asia & Pacific,EAS,2012,YR2012,41.1990836326795,21071949150429.1,4.69413739166984,9420.49788165368,3.98523273742806,91.224882966935
East Asia & Pacific,EAS,2013,YR2013,48.270796500547,21318406932505.8,4.76981980097734,9466.23545167095,4.06138570980741,97.8511173247954
East Asia & Pacific,EAS,2014,YR2014,51.0779210308278,22002024770464.4,4.18986456074748,9703.28402570889,3.48061796184757,102.941783057179
East Asia & Pacific,EAS,2015,YR2015,52.1176072087352,21911486166782.7,4.1997491967488,9598.27855497314,3.4980324449001,103.630157293388
East Asia & Pacific,EAS,2016,YR2016,52.4947940421319,22658432406058.8,4.09140412419657,9857.98086489345,3.38355516693805,109.770547614535
East Asia & Pacific,EAS,2017,YR2017,52.7866998668186,24223285701971.4,4.75969914724411,10467.7021916107,4.05295998407557,115.739490896019
East Asia & Pacific,EAS,2018,YR2018,53.0858471357912,26346980787877.4,4.16999895188556,11316.7604501843,3.54177866776513,122.176344799733
East Asia & Pacific,EAS,2019,YR2019,53.2926013096041,26979805534122.7,3.7633562111874,11526.7364862403,3.20964686142608,..
East Asia & Pacific,EAS,2020,YR2020,..,..,..,..,..,..
European Union,EUU,1971,YR1971,..,821041577442.672,3.66071476887089,2113.95096442551,3.10848825730675,..
European Union,EUU,1972,YR1972,..,990707263525.075,4.7862006189003,2533.81067942008,4.08859589485758,..
European Union,EUU,1973,YR1973,..,1282385682828.09,6.03357912486987,3258.71682833521,5.3519475888949,..
European Union,EUU,1974,YR1974,..,1452171279559.86,3.09739895333587,3667.56792636408,2.46606747130396,..
European Union,EUU,1975,YR1975,..,1691344453627.82,-0.646518634164963,4246.23164410207,-1.23697452384647,0
European Union,EUU,1976,YR1976,..,1770550681960.52,4.8983866766829,4421.1432981036,4.33341397507274,0
European Union,EUU,1977,YR1977,..,2005460212018.38,2.87730032418061,4983.43236661866,2.3782847347106,0
European Union,EUU,1978,YR1978,..,2443383354605.28,3.057805392422,6043.91290218733,2.58714833970318,0
European Union,EUU,1979,YR1979,..,2953662620855.17,3.84504511889303,7274.10148792974,3.38979214012183,0
European Union,EUU,1980,YR1980,..,3304099801803.52,2.07087316498659,8100.74875872652,1.61442568617356,0.00576930636426035
European Union,EUU,1981,YR1981,..,2880779507480.89,0.502084520336822,7033.97855654821,0.0907825079149944,0.01190776845823
European Union,EUU,1982,YR1982,..,2778135617997.39,0.815903161016578,6761.17170856202,0.48622867278263,0.0166718091480097
European Union,EUU,1983,YR1983,..,2702809427945.14,1.44068542171311,6560.6243900899,1.1750437855757,0.025398200967093
European Union,EUU,1984,YR1984,..,2604111439807.56,2.48514471872005,6306.40343911231,2.24765458415615,0.0391335464401697
European Union,EUU,1985,YR1985,..,2678398497755.86,2.35060637520255,6470.74190524715,2.10502593575103,0.0558372103275625
European Union,EUU,1986,YR1986,..,3745082454935.25,2.58624094032929,9022.63471167458,2.30155199256656,0.0818135612566364
European Union,EUU,1987,YR1987,..,4632537576009.12,2.52736146597921,11127.8331077369,2.2255469369062,0.126658715644877
European Union,EUU,1988,YR1988,..,5085711977582.77,4.16854491771636,12176.8823735896,3.83153986996018,0.196935416152715
European Union,EUU,1989,YR1989,..,5195139280884.81,3.92420364588513,12396.7360030209,3.57203574751424,0.300525513396373
European Union,EUU,1990,YR1990,..,6500319936641.27,3.37021734966886,15459.3587804541,3.02485596072486,0.471639899916804
European Union,EUU,1991,YR1991,..,6732371153196.44,1.80937650173796,15963.6800139056,1.50700112281621,0.712138955029865
European Union,EUU,1992,YR1992,..,7400793014879.94,1.14744996669624,17497.458186998,0.852502976462219,0.987683504442714
European Union,EUU,1993,YR1993,..,6757409612211.46,-0.565727203469919,15924.4747550431,-0.888450242355518,1.48566788784461
European Union,EUU,1994,YR1994,..,7158831214572.9,2.65369046094884,16828.5048339049,2.39838436731065,2.37381477401534
European Union,EUU,1995,YR1995,..,8295716693814.99,2.66376836672731,19464.222489252,2.47004826929455,3.84509413379606
European Union,EUU,1996,YR1996,..,8431192714268.01,1.89422006232446,19749.9523772982,1.72868668500934,6.49859188362811
European Union,EUU,1997,YR1997,..,7732922104820.62,2.66328306858713,18087.0964821116,2.50931505906047,11.0674582453503
European Union,EUU,1998,YR1998,..,7968672602630.59,3.01888861162946,18613.6160162014,2.88129141826003,19.0099887300379
European Union,EUU,1999,YR1999,..,7922645428744.26,2.96094500840699,18475.6510855457,2.79151938640345,32.3678462352987
European Union,EUU,2000,YR2000,..,7259398860355.29,3.90371138654604,16908.7231890583,3.77952629301383,51.0549483277685
European Union,EUU,2001,YR2001,..,7387163472304.34,2.18886705253121,17183.6208399503,2.0540866718983,63.2811357790632
European Union,EUU,2002,YR2002,..,8049115975395.47,1.12308081154495,18680.5599247748,0.891603688953538,69.6541287819334
European Union,EUU,2003,YR2003,..,9911359749306.61,0.927880698382893,22920.8936475087,0.569839168484748,76.5147209995192
European Union,EUU,2004,YR2004,59.3755310794666,11398794129126.6,2.60322183807389,26262.0678538352,2.21925258453695,84.5529277774098
European Union,EUU,2005,YR2005,63.5165889251517,11904887483980.9,1.93036700224005,27330.993654149,1.56959132670322,94.6125714308929
European Union,EUU,2006,YR2006,67.1751836637399,12702923383990.9,3.4954192738557,29068.6043405903,3.16004051514251,104.269672827225
European Union,EUU,2007,YR2007,70.3923299546663,14710405864196.8,3.15408241288428,33549.5234415907,2.80816761439513,115.228829833642
European Union,EUU,2008,YR2008,80.0081009936202,16236756356158,0.645845140431305,36912.0649397243,0.323625447283192,121.303682429534
European Union,EUU,2009,YR2009,80.2367115429298,14708924770207.7,-4.32982586138098,33359.7889906185,-4.55572897919623,121.054867985274
European Union,EUU,2010,YR2010,78.6067321913304,14540385611235.6,2.19538212792128,32931.6381222667,2.05312641465237,118.484804995884
European Union,EUU,2011,YR2011,74.7861809554208,15741839610904.6,1.8403183367316,35716.273662884,2.02180353488104,121.665827781448
European Union,EUU,2012,YR2012,73.0145146424551,14636155637903.8,-0.742956810111991,33158.7914088519,-0.888888045654809,123.701745535031
European Union,EUU,2013,YR2013,68.441971152029,15293564575793.2,-0.0575096583778532,34564.1125052742,-0.299994548683117,125.036871606388
European Union,EUU,2014,YR2014,65.124057165719,15633064319173.7,1.5822014470193,35243.2073712896,1.32864662737693,123.607388071049
European Union,EUU,2015,YR2015,68.653979938485,13546911044356.3,2.35660038497274,30473.7402563699,2.13392566105225,121.822693743661
European Union,EUU,2016,YR2016,69.9564312795865,13882598814513.1,2.05040506408807,31162.6963930937,1.83416472173248,122.144917864365
European Union,EUU,2017,YR2017,67.7733290204851,14735710571465.3,2.72631680535484,33029.9879503522,2.57813394629645,122.490683953422
European Union,EUU,2018,YR2018,67.9183171450793,15931983317841.6,2.14679089800418,35659.75714691,1.99900444933698,122.7329387139
European Union,EUU,2019,YR2019,64.4414588111931,15592795166700.2,1.52288591599461,34843.297471632,1.35628669216645,..
European Union,EUU,2020,YR2020,..,..,..,..,..,..
Latin America & Caribbean,LCN,1971,YR1971,..,195822640276.078,6.65179026543032,668.55006517107,4.08626876477629,..
Latin America & Caribbean,LCN,1972,YR1972,..,219973259921.125,7.15032116543173,733.192849353891,4.60941496888434,..
Latin America & Caribbean,LCN,1973,YR1973,..,288107198684.313,8.59579266070742,937.798675586349,6.05232038637715,..
Latin America & Caribbean,LCN,1974,YR1974,..,374430596919.464,6.36192136644216,1190.56004407645,3.89882633700036,..
Latin America & Caribbean,LCN,1975,YR1975,..,392087073172.393,3.72712269072011,1218.13769955824,1.35057526297744,0
Latin America & Caribbean,LCN,1976,YR1976,..,435586655849.382,6.16820011604635,1322.61286084801,3.76210399983535,0
Latin America & Caribbean,LCN,1977,YR1977,..,478745096242.303,4.83623175476772,1421.08425681446,2.48698503815059,0
Latin America & Caribbean,LCN,1978,YR1978,..,543524303563.147,3.91917566409947,1577.52869143332,1.61047975249775,0
Latin America & Caribbean,LCN,1979,YR1979,..,647987923272.812,6.61784289698724,1839.26319035664,4.2674039168209,0
Latin America & Caribbean,LCN,1980,YR1980,..,780564715736.371,6.06302675559134,2167.03894744346,3.73966714949361,0
Latin America & Caribbean,LCN,1981,YR1981,..,900099627876.08,0.381603443809311,2444.54988186779,-1.80154633231342,0
Latin America & Caribbean,LCN,1982,YR1982,..,839705904280.334,-0.438179157985445,2231.34791085943,-2.58527858704504,0
Latin America & Caribbean,LCN,1983,YR1983,..,740185005693.559,-2.52006241183402,1925.00076231408,-4.59617624063779,0
Latin America & Caribbean,LCN,1984,YR1984,..,747419091499.716,3.81245846853639,1903.12117446281,1.63916949554475,0
Latin America & Caribbean,LCN,1985,YR1985,..,769890901518.693,3.64725889595681,1920.13922512873,1.5217508508903,0
Latin America & Caribbean,LCN,1986,YR1986,..,775531817898.21,4.49364461990416,1895.41076847906,2.39766844438482,0
Latin America & Caribbean,LCN,1987,YR1987,..,818705375985.061,3.36248902347143,1961.66130547073,1.33410099394389,0.000953962611156681
Latin America & Caribbean,LCN,1988,YR1988,..,923101993321.184,1.03265807658663,2169.32720954379,-0.907503394846728,0.0028666996148516
Latin America & Caribbean,LCN,1989,YR1989,..,1007694004967.4,1.35921342199099,2323.58124602554,-0.547193183893469,0.0072613246671008
Latin America & Caribbean,LCN,1990,YR1990,..,1179437621738.85,0.347318567832502,2669.45575321961,-1.50269810288802,0.0284078686127439
Latin America & Caribbean,LCN,1991,YR1991,..,1450733582931.12,3.4708092234,3224.29055894019,1.60535619764974,0.0662405276255887
Latin America & Caribbean,LCN,1992,YR1992,..,1371250323012.92,2.52856545954488,2993.92419011274,0.721556918482676,0.141530960107483
Latin America & Caribbean,LCN,1993,YR1993,..,1576879367128.44,3.74642062141749,3383.48660712145,1.95653245716656,0.243965085002171
Latin America & Caribbean,LCN,1994,YR1994,..,1802146174666.01,4.58188382820674,3801.52578645924,2.81545357788977,0.476462749257141
Latin America & Caribbean,LCN,1995,YR1995,..,1921660892738.74,1.51841315520107,3986.60893014495,-0.160182730728238,0.815592997804177
Latin America & Caribbean,LCN,1996,YR1996,..,2079424444810.26,3.51873104461838,4243.97497250446,1.84078201268503,1.35774925689237
Latin America & Caribbean,LCN,1997,YR1997,..,2279660020401.38,5.13188107462774,4578.93493427516,3.46635639466135,2.56314874080269
Latin America & Caribbean,LCN,1998,YR1998,..,2300331017863.28,2.23007636790437,4548.92203246299,0.647375210328534,4.20431541087028
Latin America & Caribbean,LCN,1999,YR1999,..,2075464726178.93,0.132126763638894,4042.8501365464,-1.36579032818197,7.81976719823084
Latin America & Caribbean,LCN,2000,YR2000,..,2289336070722.22,3.79188249580136,4394.93360068388,2.29016277999456,12.2483639830574
Latin America & Caribbean,LCN,2001,YR2001,..,2239859024045.3,0.881777966630892,4239.88334007621,-0.527465628608553,16.0476010440701
Latin America & Caribbean,LCN,2002,YR2002,..,2009818821334.01,0.2899063647898,3753.09745768199,-1.06341025425314,18.981008641477
Latin America & Caribbean,LCN,2003,YR2003,..,2053348063541.68,1.55835407939591,3784.27906274818,0.231286038676302,23.2923525572426
Latin America & Caribbean,LCN,2004,YR2004,19.2664048754708,2366443152413.22,6.34090340879152,4305.82903952635,4.98819514452337,31.8264900833353
Latin America & Caribbean,LCN,2005,YR2005,22.2528391061581,2861530721087.12,4.25569947387213,5141.97423543153,2.9604859191615,43.2853312664408
Latin America & Caribbean,LCN,2006,YR2006,23.9184635058675,3353310966446.29,5.26532864021638,5952.57710854961,3.98844115046086,54.4512905045944
Latin America & Caribbean,LCN,2007,YR2007,25.6664213039668,3949993512887.81,5.51039241591418,6928.70137920151,4.26042700483215,67.1337464324899
Latin America & Caribbean,LCN,2008,YR2008,27.234791575934,4590314143267.97,3.91955944458404,7958.46641566383,2.71380438236848,79.9003709609339
Latin America & Caribbean,LCN,2009,YR2009,28.6661946803945,4313422191680.44,-1.88576294959553,7393.21251440152,-3.00345328146896,88.1574672666405
Latin America & Caribbean,LCN,2010,YR2010,33.9017293708359,5348215099512.51,5.85016571770178,9065.80754617692,4.68343149412942,97.1599697549669
Latin America & Caribbean,LCN,2011,YR2011,31.0017503728106,6081032499511.41,4.36583870217022,10193.8572444798,3.21004345003666,105.808026382123
Latin America & Caribbean,LCN,2012,YR2012,35.2901098850011,6143728571910.9,2.78415696409479,10186.9594620423,1.6664157316481,110.382155117753
Latin America & Caribbean,LCN,2013,YR2013,39.7825733951163,6294812403097.39,2.78487363645772,10326.1343581426,1.68845021271066,116.01466756991
Latin America & Caribbean,LCN,2014,YR2014,40.1706047434635,6417117884851.69,0.990677866765793,10417.3537399993,-0.0589974476679345,115.572008174437
Latin America & Caribbean,LCN,2015,YR2015,40.6637576440044,5520203132554.66,0.0900868525794039,8870.63068044006,-0.92293998353874,111.498846355841
Latin America & Caribbean,LCN,2016,YR2016,40.655885554545,5390740209889.85,-0.336701963678749,8577.35872648418,-1.31730839393761,109.881067779153
Latin America & Caribbean,LCN,2017,YR2017,40.8401923699563,5985647360814.57,1.77235885123662,9432.97118520624,0.800352381360653,106.005718436968
Latin America & Caribbean,LCN,2018,YR2018,41.3648131990956,5816094715343.34,1.57103861314181,9081.19452696957,0.633834477422312,104.53256341178
Latin America & Caribbean,LCN,2019,YR2019,43.1368181786489,5719252824663.02,0.831692570483426,8847.43187038476,-0.100461779781668,..
Latin America & Caribbean,LCN,2020,YR2020,..,..,..,..,..,..
Middle East & North Africa,MEA,1971,YR1971,..,47881453182.9702,12.2754325821913,336.463824205898,9.249911324878,..
Middle East & North Africa,MEA,1972,YR1972,..,58557683671.3266,16.2479086669859,400.494677486898,13.1428082398616,..
Middle East & North Africa,MEA,1973,YR1973,..,78686347259.4602,11.8927620107,523.55544476636,8.85601461928698,..
Middle East & North Africa,MEA,1974,YR1974,..,142799665802.321,9.93617978700428,924.210986693334,6.93534675957517,..
Middle East & North Africa,MEA,1975,YR1975,..,155911365674.939,-2.4138135727076,981.084741589281,-5.12033200886755,0
Middle East & North Africa,MEA,1976,YR1976,..,193637861598.052,15.1901863878978,1184.09533996561,11.9394398414232,0
Middle East & North Africa,MEA,1977,YR1977,..,224477081435.007,3.28544196031679,1333.30728674858,0.323104659284596,0
Middle East & North Africa,MEA,1978,YR1978,..,238480112694.92,-4.75064988375811,1374.94469750487,-7.54363005767667,0
Middle East & North Africa,MEA,1979,YR1979,..,311601824340.545,4.62539077922584,1742.09313277418,1.4554561875733,0
Middle East & North Africa,MEA,1980,YR1980,..,401407613361.346,-0.987472128085869,2174.13554828812,-4.07765593197328,0
Middle East & North Africa,MEA,1981,YR1981,..,414916153162.064,1.45610625023664,2175.39485005289,-1.79017610578623,0
Middle East & North Africa,MEA,1982,YR1982,..,415735686702.385,-1.95405416516935,2108.65123443164,-5.14956309340901,0.00128112679515822
Middle East & North Africa,MEA,1983,YR1983,..,422861630418.167,-2.6250446643655,2074.53730121609,-5.81477252797683,0.00189848923259905
Middle East & North Africa,MEA,1984,YR1984,..,428860828257.593,-1.18788774934792,2035.90433870331,-4.38452148300641,0.00254771530930579
Middle East & North Africa,MEA,1985,YR1985,..,435955647991.086,-0.620108649021716,2003.72322292016,-3.78274717703778,0.00414272866287867
Middle East & North Africa,MEA,1986,YR1986,..,446754476442.574,0.962069690964057,1989.55594216567,-2.1749532593158,0.0104538747403873
Middle East & North Africa,MEA,1987,YR1987,..,411023899188.593,0.196991814998967,1774.94363959046,-2.84057562589133,0.015914463810768
Middle East & North Africa,MEA,1988,YR1988,..,408472768540.185,3.05793859049759,1712.20650956066,0.036155681882704,0.0180438092694654
Middle East & North Africa,MEA,1989,YR1989,..,420726975182.457,2.80897280618358,1714.08184554786,-0.0761445881895924,0.0261325416406828
Middle East & North Africa,MEA,1990,YR1990,..,550748250347.156,13.1237063430268,2166.46520219089,9.22474015711403,0.0408673305464969
Middle East & North Africa,MEA,1991,YR1991,..,554709492776.303,4.21660110661324,2124.94669969191,1.48941670042397,0.0600048899006773
Middle East & North Africa,MEA,1992,YR1992,..,603853056720.145,4.73769255529839,2273.05857837536,2.9200332280726,0.0717801469809963
Middle East & North Africa,MEA,1993,YR1993,..,608089301255.943,2.85428914436739,2234.73652237577,0.415790698020786,0.0983400006742403
Middle East & North Africa,MEA,1994,YR1994,..,633946632329.761,2.68310122144553,2277.23013823595,0.367761045111365,0.147748284557644
Middle East & North Africa,MEA,1995,YR1995,..,708890607178.084,2.97030310763475,2477.79842633382,0.194646688590126,0.343640862813991
Middle East & North Africa,MEA,1996,YR1996,..,802522537636.436,4.72528450922074,2747.97730542131,2.59370219477466,0.705110048100499
Middle East & North Africa,MEA,1997,YR1997,..,832803837981.779,3.38185697280335,2795.65946723704,1.35145243192594,1.20095795858331
Middle East & North Africa,MEA,1998,YR1998,..,809508584961.229,4.56569170262043,2665.99903215292,2.58555001201724,1.68813168453393
Middle East & North Africa,MEA,1999,YR1999,..,866974427404.451,1.72891773688309,2801.78244058113,-0.176218602483146,2.44882143254022
Middle East & North Africa,MEA,2000,YR2000,..,966901286086.319,5.73646092641229,3066.34666961378,3.76138587072671,4.56532665007186
Middle East & North Africa,MEA,2001,YR2001,..,970527146872.233,1.19858442767323,3020.65228924191,-0.681907284713731,7.53583108837037
Middle East & North Africa,MEA,2002,YR2002,..,966744855655.633,1.59510216822531,2953.13479104375,-0.287151393601917,10.264842140495
Middle East & North Africa,MEA,2003,YR2003,..,1089307981250.39,5.4872148264342,3265.22576688665,3.51206076261347,13.3136724350792
Middle East & North Africa,MEA,2004,YR2004,8.32862958563546,1271601034940.67,7.99839097690396,3738.42541742162,5.92356861241608,18.4285318542072
Middle East & North Africa,MEA,2005,YR2005,9.68079664590275,1530610383659.14,5.06741985051484,4410.60121428951,2.98248250420832,28.3541197544681
Middle East & North Africa,MEA,2006,YR2006,11.0525758112747,1791433893705.44,6.03298224947415,5056.22760433771,3.8564963909925,40.5900896136861
Middle East & North Africa,MEA,2007,YR2007,14.1908933472409,2124073794663.68,5.17269805751195,5868.75601709967,2.95646925240027,56.1639630123027
Middle East & North Africa,MEA,2008,YR2008,16.2690791826709,2654580291045.42,4.49577386256183,7177.97022412592,2.26524412729027,68.0443249299344
Middle East & North Africa,MEA,2009,YR2009,18.2372003151374,2370996232323.39,0.495539639628689,6274.40239926594,-1.64815665790218,81.7729789375337
Middle East & North Africa,MEA,2010,YR2010,22.5029645007287,2766778332455.17,5.05163744548516,7169.34465290674,2.86471207786481,91.7787651625023
Middle East & North Africa,MEA,2011,YR2011,23.1364830569329,3279582070597.8,3.68100021455146,8324.98447325251,1.56849423920352,98.3254063069392
Middle East & North Africa,MEA,2012,YR2012,23.8679060054629,3575505036221.94,3.88939552498849,8894.86157872712,1.81413843460321,103.322142064138
Middle East & North Africa,MEA,2013,YR2013,24.8956472933322,3547271049627.31,2.70769346472697,8652.3475823771,0.702617593407638,108.765499775889
Middle East & North Africa,MEA,2014,YR2014,25.2781529447467,3567995712319.2,2.90544693717645,8537.2588240188,0.946880890465977,109.267323437748
Middle East & North Africa,MEA,2015,YR2015,26.3959731646025,3139157379607.83,2.37541872236629,7371.99833537827,0.478630225861636,109.588563846954
Middle East & North Africa,MEA,2016,YR2016,30.7581622654493,3150182655674.93,4.96242847485513,7265.22114570915,3.08010051351391,108.52060579419
Middle East & North Africa,MEA,2017,YR2017,33.7844358529793,3270329262072.42,1.71627956589641,7411.42312942984,-0.0489196489499335,107.544454357669
Middle East & North Africa,MEA,2018,YR2018,32.9222078826445,3613740164271.21,2.38020264373537,8049.97955098301,0.633762674220307,106.020413347382
Middle East & North Africa,MEA,2019,YR2019,..,3701386017855.84,1.80883437949176,8104.50188772468,0.0713038562104771,..
Middle East & North Africa,MEA,2020,YR2020,..,..,..,..,..,..
North America,NAC,1971,YR1971,..,1264333061477.52,3.35625285257018,5504.81581714288,1.89524981544704,..
North America,NAC,1972,YR1972,..,1392428220992.02,5.28079107936117,5997.48563393338,4.15119111141368,..
North America,NAC,1973,YR1973,..,1556967359214.08,5.75529657749321,6640.80598952896,4.72419061183469,..
North America,NAC,1974,YR1974,..,1705964297648.26,-0.178788392983108,7206.8167979759,-1.13214853003213,..
North America,NAC,1975,YR1975,..,1859083029787.65,-0.0408114453992852,7773.08468986099,-1.06640494000375,0
North America,NAC,1976,YR1976,..,2080373864401.62,5.43835631456471,8613.0289871465,4.40433555677131,0
North America,NAC,1977,YR1977,..,2293885156934.65,4.50649396564566,9400.46583703437,3.44427558035517,0
North America,NAC,1978,YR1978,..,2570707667449.81,5.35075371131744,10424.5290836329,4.24703107041522,0
North America,NAC,1979,YR1979,..,2870923302185.42,3.21863450825693,11515.4600331602,2.09725342537001,0
North America,NAC,1980,YR1980,..,3131774126345.01,-0.0178705480139882,12437.7765039589,-1.00460403868733,0
North America,NAC,1981,YR1981,..,3513995963656.99,2.63099786289756,13816.0833181434,1.60379274150577,..
North America,NAC,1982,YR1982,..,3658081025119.14,-1.94362660437005,14242.8454584504,-2.89634371227071,..
North America,NAC,1983,YR1983,..,3975475111781.89,4.38603649093199,15336.6302303339,3.42841620012307,..
North America,NAC,1984,YR1984,..,4393971258071.62,7.10413014535949,16803.6898806647,6.17267431002506,0.0347284201900746
North America,NAC,1985,YR1985,..,4704774999482.75,4.22189230137077,17833.0727412687,3.29964535892071,0.132259630696467
North America,NAC,1986,YR1986,..,4958242427343.98,3.33616397741984,18619.663293275,2.37857473379326,0.275875309613487
North America,NAC,1987,YR1987,..,5287828242049.45,3.51845614378546,19672.4594369746,2.55457492996828,0.489609246041203
North America,NAC,1988,YR1988,..,5745207451214.25,4.19944782608812,21172.7533949837,3.21806738469974,0.828684568996234
North America,NAC,1989,YR1989,..,6208137243275.24,3.54052785502587,22644.6565007219,2.48095844885314,1.39181680958203
North America,NAC,1990,YR1990,..,6558665950908.47,1.72107000658686,23645.6143148159,0.540625245576337,2.09776368179416
North America,NAC,1991,YR1991,..,6770092083611.19,-0.295309435807752,24086.2164516831,-1.60919602637868,2.95033916220716
North America,NAC,1992,YR1992,..,7114394589284.92,3.27928379339633,24967.7063202998,1.8778818355254,4.2279197491988
North America,NAC,1993,YR1993,..,7437550121892.44,2.74464629065466,25765.5415535035,1.42099634831617,6.01987633575497
North America,NAC,1994,YR1994,..,7867242439501.61,4.06954209957237,26925.4615116209,2.81462510957664,8.93147329877062
North America,NAC,1995,YR1995,..,8245811373385.4,2.68575217616291,27891.3874427558,1.48603590509573,12.3583000479752
North America,NAC,1996,YR1996,..,8704363777972.13,3.57741423936105,29105.3208625103,2.39145172873887,15.9636388638826
North America,NAC,1997,YR1997,..,9233311210265.78,4.43244091427253,30510.8918784061,3.20423041791425,19.7391714842036
North America,NAC,1998,YR1998,..,9697762238406.81,4.33197908974464,31684.7732968703,3.15709141563656,24.4275245237605
North America,NAC,1999,YR1999,..,10310072635807.7,4.68445551505738,33311.751183507,3.5234807238175,30.0958940619228
North America,NAC,2000,YR2000,..,10998121151318.6,4.19774656658313,35147.8765944311,3.06309524912713,37.8462037703685
North America,NAC,2001,YR2001,..,11321881659892.6,1.03610122801211,35822.8036141535,0.0315381549028899,44.1010412793738
North America,NAC,2002,YR2002,..,11698306960646.5,1.8876617069117,36666.2703231263,0.930949161079468,48.2545642385965
North America,NAC,2003,YR2003,..,12354812816817.7,2.94586388015649,38391.0067491875,2.06069242240756,54.1333173537458
North America,NAC,2004,YR2004,175.434211955386,13241410621714.1,3.80866915137177,40766.6732461524,2.85166136414557,61.6488649690823
North America,NAC,2005,YR2005,183.865495079941,14210866344864.7,3.64560707793902,43349.0055952823,2.69243817844418,67.4673214874907
North America,NAC,2006,YR2006,186.841479726894,15135440910461.2,2.97510607528298,45724.2513613949,1.98239104617946,75.1929842417501
North America,NAC,2007,YR2007,192.928623388407,15922730888205.8,2.33566145211128,47646.4388606104,1.36507962409706,80.8279598582889
North America,NAC,2008,YR2008,192.913806439624,16268085220997.2,-0.0260796974910278,48215.1117887716,-0.980536199072276,84.1437420393435
North America,NAC,2009,YR2009,195.108486741542,15825892407986.4,-2.5757835897431,46483.0250862199,-3.4513162851992,87.669200242404
North America,NAC,2010,YR2010,218.223367891089,16611261563811.1,2.61290665007947,48374.0945971237,1.73866802491844,90.6204729670039
North America,NAC,2011,YR2011,207.647873245049,17336779781047.8,1.70416950287135,50111.9822964196,0.948919528324737,93.6787809617859
North America,NAC,2012,YR2012,203.393736340183,18031234215349,2.19921202803532,51723.2256622493,1.42255432600894,95.3065291276581
North America,NAC,2013,YR2013,221.005731120619,18637631422155.3,1.88852140766119,53077.2420776928,1.15392589780068,96.4154253049084
North America,NAC,2014,YR2014,221.854392355235,19331060828608.6,2.4931691327627,54637.8325905317,1.72204156653446,108.449932136716
North America,NAC,2015,YR2015,221.491441274378,19781342853073.5,2.66117493446228,55502.6914987937,1.91232939252122,115.447103695793
North America,NAC,2016,YR2016,223.887762659478,20241484802206.1,1.51234525115622,56364.855162767,0.745722645547502,118.737316769639
North America,NAC,2017,YR2017,228.429180529994,21141594444340.1,2.30903084152902,58467.9738138988,1.60808077809062,119.309748069216
North America,NAC,2018,YR2018,220.007919399819,22251966397055.4,2.83842262093449,61163.8387741408,2.21189492700915,124.999304203126
North America,NAC,2019,YR2019,214.144100897467,23117758029454.2,2.26818285789965,63181.7957557198,1.68583318053115,..
North America,NAC,2020,YR2020,..,..,..,..,..,..
South Asia,SAS,1971,YR1971,..,91198574992.9848,0.828260815240995,124.911136894442,-1.43607545394093,..
South Asia,SAS,1972,YR1972,..,91683239018.0801,-1.53787292455159,122.749766878848,-3.75308166534455,..
South Asia,SAS,1973,YR1973,..,104815598487.556,3.73723547653968,137.161781330652,1.39373942017913,..
South Asia,SAS,1974,YR1974,..,126976006269.799,2.20326298657842,162.380352246644,-0.122105348287448,..
South Asia,SAS,1975,YR1975,..,135911848514.718,7.38230689204458,169.818579603363,4.9177089512239,0
South Asia,SAS,1976,YR1976,..,132651726052.559,2.38348312203949,161.910085551381,0.0145102093886038,0
South Asia,SAS,1977,YR1977,..,153604372185.003,6.45633743093489,183.119603632452,3.97807804239916,0
South Asia,SAS,1978,YR1978,..,174778829608.019,6.02496849328035,203.491066905323,3.54602035335843,0
South Asia,SAS,1979,YR1979,..,195756940688.288,-3.13657646174605,222.574788171672,-5.4063263269807,0
South Asia,SAS,1980,YR1980,..,236039144469.704,6.50798821553875,262.085002062005,4.01153820659394,0
South Asia,SAS,1981,YR1981,..,250220927476.369,6.32961464107827,271.322598707037,3.83850847546708,0
South Asia,SAS,1982,YR1982,..,258876797993.566,3.74988585831777,274.142364284104,1.32306409734821,0
South Asia,SAS,1983,YR1983,..,274041685077.457,6.77767460988694,283.441614670789,4.29042012025891,0
South Asia,SAS,1984,YR1984,..,272766689592.131,4.14052086443341,275.597568562932,1.73181907520012,0
South Asia,SAS,1985,YR1985,..,296607983649.698,5.39144475587324,292.818241536622,2.97613821493017,0
South Asia,SAS,1986,YR1986,..,314138292882.193,4.80715986855202,303.094179889549,2.43122776847791,0
South Asia,SAS,1987,YR1987,..,348804397195.786,4.16227581763708,328.996027069148,1.82688179080432,0
South Asia,SAS,1988,YR1988,..,374801545442.277,8.6086402192235,345.668227944326,6.19737070833773,0
South Asia,SAS,1989,YR1989,..,378236580071.9,5.48787178031505,341.152485146999,3.16430373286735,0
South Asia,SAS,1990,YR1990,..,407199618240.666,5.42904953633625,359.242473790481,3.12301364790437,0.000265550349879389
South Asia,SAS,1991,YR1991,..,362272388524.884,1.86154264780585,312.66614791277,-0.350399588631973,0.000888961315225976
South Asia,SAS,1992,YR1992,..,384744238020.394,5.70664542860601,324.91631936334,3.43227154580478,0.00138447250437364
South Asia,SAS,1993,YR1993,..,381109482761.827,4.42570239430169,315.006141410442,2.20620682521313,0.0025777622560851
South Asia,SAS,1994,YR1994,..,432336029562.816,6.09676809246392,349.873087832579,3.87762147132811,0.00444673240798139
South Asia,SAS,1995,YR1995,..,479862245751.71,6.98991456293598,380.363746770312,4.79396367116757,0.013590810664715
South Asia,SAS,1996,YR1996,..,524983483232.182,6.89537729574685,407.761702554035,4.74593644276607,0.0365873948909006
South Asia,SAS,1997,YR1997,..,550725909693.104,3.81429849682485,419.330284331461,1.76937313484878,0.0882512045518155
South Asia,SAS,1998,YR1998,..,558438177755.212,5.63323009800088,416.993017128227,3.59374216559365,0.122632965843419
South Asia,SAS,1999,YR1999,..,598343804724.095,7.82688199923847,438.325296822955,5.78378511913628,0.187829919915857
South Asia,SAS,2000,YR2000,..,630429061929.228,4.06266978364064,453.237604423192,2.12661489921192,0.331476116916738
South Asia,SAS,2001,YR2001,..,645870273837.063,4.49653783778174,455.858136497817,2.58801008537976,0.600388915736685
South Asia,SAS,2002,YR2002,..,677627487567.086,3.64741581584013,469.712181469426,1.79228726210303,1.16409303521796
South Asia,SAS,2003,YR2003,..,791002717916.674,7.37736429632112,538.711136357217,5.49938027645842,2.66994067580404
South Asia,SAS,2004,YR2004,0.128971709012639,917089339402.252,7.57982249906107,613.94779740106,5.74811781761611,4.22322722337099
South Asia,SAS,2005,YR2005,0.68277989590912,1050585317863.97,7.60213826935652,691.692614432554,5.82369280108563,7.69918191956294
South Asia,SAS,2006,YR2006,1.11131064308751,1196088039743.31,7.71658378780361,774.863793599491,5.98953353461438,14.8438097515184
South Asia,SAS,2007,YR2007,2.71631733492198,1504193483987.56,7.33236530155968,959.305136187905,5.66266155492279,22.1447366362548
South Asia,SAS,2008,YR2008,3.39476452524788,1527472606190.11,3.23768339559629,959.461197097627,1.68085025566454,31.6216545129884
South Asia,SAS,2009,YR2009,3.9038181736719,1683456769133.31,7.13410760333922,1041.99439395548,5.56918902812357,43.5743319101974
South Asia,SAS,2010,YR2010,4.28122070358257,2060781195903.17,7.70350027632773,1257.49943946437,6.17990216861095,58.3941443785711
South Asia,SAS,2011,YR2011,6.03540592043118,2271837830662.84,5.1375768683086,1367.31313793749,3.69855527835195,68.2269143695245
South Asia,SAS,2012,YR2012,6.44289373923159,2297332203012.9,5.50198593146175,1364.41640319999,4.11015825129488,67.3727749484176
South Asia,SAS,2013,YR2013,7.40533540833284,2357132410757.71,6.08755291082421,1381.85662659774,4.71775096931822,69.7749480764576
South Asia,SAS,2014,YR2014,8.28292875682174,2581822536189.37,6.9926022073596,1494.42076537038,5.63826274564275,73.5961662342695
South Asia,SAS,2015,YR2015,9.00328515088706,2697257683468.99,7.48032878525362,1541.80368581438,6.14245313630009,76.0778436483884
South Asia,SAS,2016,YR2016,9.44813115377704,2924355490449.93,7.7783584677165,1651.08946256258,6.45482849003447,83.6423576398378
South Asia,SAS,2017,YR2017,9.99643582966231,3347019816218.73,6.82865103557285,1866.88606656608,5.53750787254597,86.7040767647084
South Asia,SAS,2018,YR2018,10.4544621145391,3446629610783.08,6.09862149592017,1899.60923323667,4.83827526302154,87.3631396540991
South Asia,SAS,2019,YR2019,16.4573867089331,3597970348647.58,4.83248965949936,1959.91716548699,3.61112268830128,..
South Asia,SAS,2020,YR2020,..,..,..,..,..,..
Sub-Saharan Africa,SSF,1971,YR1971,..,65564267784.2717,7.47901697993585,219.804792873724,4.68366416622376,..
Sub-Saharan Africa,SSF,1972,YR1972,..,73964820270.7489,2.65413278842523,241.431634515327,-0.0516879239514765,..
Sub-Saharan Africa,SSF,1973,YR1973,..,94558595632.7161,4.29930278301023,300.413791618444,1.51525038445799,..
Sub-Saharan Africa,SSF,1974,YR1974,..,123635396204.122,7.9179283741676,382.180291666855,5.00263782002936,..
Sub-Saharan Africa,SSF,1975,YR1975,..,136271855522.377,-0.107509775789609,409.737287805015,-2.83570673944941,0
Sub-Saharan Africa,SSF,1976,YR1976,..,148002320347.805,5.26212739936535,432.731495850896,2.35823908262245,0
Sub-Saharan Africa,SSF,1977,YR1977,..,162620746084.968,2.39406596937832,462.242008091978,-0.455270917048011,0
Sub-Saharan Africa,SSF,1978,YR1978,..,179736167975.207,-0.320840641891095,496.591935949201,-3.11086259420583,0
Sub-Saharan Africa,SSF,1979,YR1979,..,216332331500.33,4.10417044863509,580.907358762174,1.17876878750454,0
Sub-Saharan Africa,SSF,1980,YR1980,..,272764639342.119,4.02899428491708,711.829374087143,1.10131156909902,0
Sub-Saharan Africa,SSF,1981,YR1981,..,381203997292.353,-0.439925386367051,966.830947983714,-3.24119988644347,0
Sub-Saharan Africa,SSF,1982,YR1982,..,350594523396.121,-1.12612889249264,864.195497593192,-3.90621234823402,0
Sub-Saharan Africa,SSF,1983,YR1983,..,305312817096.759,-2.47353313183598,731.418384142875,-5.21568950327399,0
Sub-Saharan Africa,SSF,1984,YR1984,..,266796446462.26,2.55947090962492,621.147426612376,-0.328823280151354,0
Sub-Saharan Africa,SSF,1985,YR1985,..,252236223359.068,1.78199332793525,570.685669412317,-1.08872177840794,0
Sub-Saharan Africa,SSF,1986,YR1986,..,259040741346.976,1.63057415888852,569.526054756312,-1.24015718292694,0
Sub-Saharan Africa,SSF,1987,YR1987,..,295700479699.613,2.70925983510676,631.766858801846,-0.191187678863827,0
Sub-Saharan Africa,SSF,1988,YR1988,..,304709458510.208,4.50449071348594,632.709862994407,1.56610815618569,0
Sub-Saharan Africa,SSF,1989,YR1989,..,302898612887.473,2.52298545209422,611.413189205878,-0.335591495994422,0.000803386914343079
Sub-Saharan Africa,SSF,1990,YR1990,..,340225239743.265,2.39206351761423,667.826094017402,-0.430659056791725,0.00154676608950508
Sub-Saharan Africa,SSF,1991,YR1991,..,345108322427.13,0.398118403918502,658.947084560326,-2.33840196447294,0.00183301929360613
Sub-Saharan Africa,SSF,1992,YR1992,..,340568757566.376,-0.31715432071897,632.737560172227,-3.00616529141551,0.00347485520736334
Sub-Saharan Africa,SSF,1993,YR1993,..,317306040920.923,-0.862893879396708,573.769182337852,-3.51133342845519,0.0115015812643496
Sub-Saharan Africa,SSF,1994,YR1994,..,312286847566.398,1.18512709943346,549.731096002883,-1.49587582293846,0.0705935545744778
Sub-Saharan Africa,SSF,1995,YR1995,..,358095575224.339,3.41260228409588,613.794027599827,0.693296774465551,0.103134131835288
Sub-Saharan Africa,SSF,1996,YR1996,..,370174808155.364,5.10305753422952,617.918073933607,2.35656078761579,0.180821524784863
Sub-Saharan Africa,SSF,1997,YR1997,..,384608119898.277,3.57925372517288,625.323773039696,0.88700512562778,0.340989467099387
Sub-Saharan Africa,SSF,1998,YR1998,..,371233538242.653,2.38937302789275,587.952411380854,-0.261377896390812,0.613282835159609
Sub-Saharan Africa,SSF,1999,YR1999,..,375526123782.597,2.18518925498401,579.383012363789,-0.455198391534424,0.997743864235467
Sub-Saharan Africa,SSF,2000,YR2000,..,399904372078.616,3.47331785018967,601.063872141828,0.801557955453518,1.72025095251083
Sub-Saharan Africa,SSF,2001,YR2001,..,381754123438.93,4.25984819385808,558.973175886599,1.56868888250281,2.49602524256891
Sub-Saharan Africa,SSF,2002,YR2002,..,416194203628.348,6.36455951166634,593.658948640076,3.6169265765877,3.5800025833579
Sub-Saharan Africa,SSF,2003,YR2003,..,521388595252.482,4.26167940000633,724.436366351841,1.55994130451116,4.95857788716125
Sub-Saharan Africa,SSF,2004,YR2004,..,649029124602.309,6.5012278649849,878.273114053591,3.72448828063376,7.39050924267351
Sub-Saharan Africa,SSF,2005,YR2005,1.00863638427077,770181349479.695,6.19902906231917,1014.83239214841,3.40855441794787,11.9966682292346
Sub-Saharan Africa,SSF,2006,YR2006,1.81736159441818,915370925877.674,6.16352148437598,1174.20457412191,3.35241907341141,17.6908342941026
Sub-Saharan Africa,SSF,2007,YR2007,2.48797811942786,1062813962374.25,6.56157955657004,1327.0104103726,3.72204587982617,23.0767843584617
Sub-Saharan Africa,SSF,2008,YR2008,2.53910918398257,1218783696166.33,5.35229113520708,1481.00179155169,2.53115601881244,31.7316873459648
Sub-Saharan Africa,SSF,2009,YR2009,3.34726624134632,1161200857415.51,3.06702179552157,1373.13746570894,0.299195167197837,37.4573089637118
Sub-Saharan Africa,SSF,2010,YR2010,3.25318303627706,1380722711234.26,5.40488417151508,1588.81797741095,2.57032767555947,44.6424205546685
Sub-Saharan Africa,SSF,2011,YR2011,3.87804774046397,1558761240263.5,4.73806711347589,1745.44305673761,1.92083313193297,52.8219003652084
Sub-Saharan Africa,SSF,2012,YR2012,4.3785056488955,1634869239546.74,3.96407442049795,1781.43313604747,1.1681267068401,59.325584974508
Sub-Saharan Africa,SSF,2013,YR2013,4.90326693712396,1744337040678.45,5.00137417277413,1849.69360950361,2.18281721327406,65.541058615441
Sub-Saharan Africa,SSF,2014,YR2014,5.51690213550289,1826947093216.37,4.65626452526142,1885.47256318323,1.85681284635764,70.2796959193537
Sub-Saharan Africa,SSF,2015,YR2015,5.64016724157827,1665849283759.4,2.84441682451615,1673.44929052822,0.106741187875443,75.5431710880484
Sub-Saharan Africa,SSF,2016,YR2016,6.45060914578449,1538123696903.43,1.23714393078063,1504.23840871572,-1.44278004183187,73.5819925216012
Sub-Saharan Africa,SSF,2017,YR2017,6.88921397494798,1639171578758.92,2.54836537058,1560.8873467415,-0.149446577773475,72.8677919926165
Sub-Saharan Africa,SSF,2018,YR2018,6.76136479958299,1713887508951.01,2.41064674571247,1589.42515617081,-0.263130439102966,82.4016158278204
Sub-Saharan Africa,SSF,2019,YR2019,..,1755011419750.85,2.27767558615908,1585.43646774798,-0.369576264588744,..
Sub-Saharan Africa,SSF,2020,YR2020,..,..,..,..,..,..
World,WLD,1971,YR1971,..,3273287363443.99,4.34293400440453,870.43731625243,2.18982145291776,..
World,WLD,1972,YR1972,..,3777533427563.94,5.72531066330538,984.529368180524,3.62056643467625,..
World,WLD,1973,YR1973,..,4609093268695.29,6.50466970961701,1178.08888493746,4.4505791781275,..
World,WLD,1974,YR1974,..,5315855038716.3,1.99334384210057,1332.8027901591,0.0465304462691734,..
World,WLD,1975,YR1975,..,5920221070545.94,0.6013833461286,1457.15442397903,-1.24050882884231,0
World,WLD,1976,YR1976,..,6438082287602.02,5.27101954755574,1556.81536533632,3.42410235640635,0
World,WLD,1977,YR1977,..,7277443073113.23,3.93424724427069,1729.52627199803,2.14719270311655,0
World,WLD,1978,YR1978,..,8584497473418.1,3.89294405076623,2005.1086922474,2.10823028921125,0
World,WLD,1979,YR1979,..,9971136713013.98,4.12499966899426,2288.66604408673,2.32216622849602,0
World,WLD,1980,YR1980,..,11227550747500.5,1.90279383758237,2532.76318755003,0.151600561224257,0.000530083232312873
World,WLD,1981,YR1981,..,11623793042751.3,1.92165364026494,2576.68800675181,0.154592860018738,0.00148691519506691
World,WLD,1982,YR1982,..,11514475442193.9,0.43221386715831,2507.32143332923,-1.34367714230962,0.00233117204978253
World,WLD,1983,YR1983,..,11747029733626,2.41309392634481,2513.12816495442,0.618120477907254,0.00338691439769231
World,WLD,1984,YR1984,..,12179888161998.1,4.50189538193287,2560.99829005054,2.70783767402476,0.00685540464014506
World,WLD,1985,YR1985,..,12793344109952.3,3.71073864271293,2643.75840188584,1.92845065038112,0.0158572304201739
World,WLD,1986,YR1986,..,15118514004824.7,3.3985644995217,3069.91309329166,1.60002167175888,0.0295105525356116
World,WLD,1987,YR1987,..,17200987662428.1,3.70939265257569,3431.58068787933,1.89243641746739,0.0508150538097697
World,WLD,1988,YR1988,..,19244140795169.9,4.61904584520822,3772.40135893383,2.79909494376034,0.08480261618842
World,WLD,1989,YR1989,..,20087431107198.2,3.67753110907907,3870.41300508481,1.90563270664128,0.141562179700148
World,WLD,1990,YR1990,..,22626369123313.3,2.91619552660953,4285.23527053522,1.16041826269222,0.210930403372686
World,WLD,1991,YR1991,..,23966556368598.6,1.42802344975233,4464.65431156658,-0.234505274114355,0.301527886323967
World,WLD,1992,YR1992,..,25452880601117.7,1.76818451230662,4668.24046852422,0.195012742897177,0.426715276853641
World,WLD,1993,YR1993,..,25857861952437.4,1.52922670211606,4669.58159701728,-0.0321951644904459,0.617955379335553
World,WLD,1994,YR1994,..,27770700605131.1,3.00048415859615,4939.83490424008,1.45641401093035,0.989808952479134
World,WLD,1995,YR1995,..,30886564791441.9,3.0218963085821,5412.34405875824,1.48917668987339,1.58440274880272
World,WLD,1996,YR1996,..,31572630014941.4,3.38878157354132,5453.31283912821,1.90776607276597,2.49733615723128
World,WLD,1997,YR1997,..,31458072767939.3,3.67412495950997,5357.06916527067,2.21529049208769,3.65246865356789
World,WLD,1998,YR1998,..,31393287815503.4,2.55620708540772,5272.63330357357,1.14806442106092,5.33031220647752
World,WLD,1999,YR1999,..,32561772674844.6,3.24844499646237,5395.94283541083,1.87134798899169,8.11929387322264
World,WLD,2000,YR2000,..,33618616210474.6,4.38467842756639,5498.32970525151,3.02162664715154,12.0426534929614
World,WLD,2001,YR2001,..,33426577337534.9,1.96045013163315,5396.89193859036,0.654364497252956,15.478099831609
World,WLD,2002,YR2002,..,34709809969301.4,2.18207347594219,5533.425293993,0.893854460448935,18.5163236678236
World,WLD,2003,YR2003,..,38944808654397.8,2.96371537847662,6131.22322502626,1.68103172375939,22.2203838696584
World,WLD,2004,YR2004,18.2905537295579,43867138874872.4,4.40746112855814,6820.61519568082,3.11413907683796,27.2915018455148
World,WLD,2005,YR2005,16.0617426282195,47517226727335.8,3.91497892665369,7297.15339863896,2.63519348181606,33.7571698705409
World,WLD,2006,YR2006,19.2518410616936,51502021664272.8,4.37986499971008,7811.93620585987,3.09764652731602,41.5531469971239
World,WLD,2007,YR2007,25.8304872358259,58031535098689.5,4.32373662343335,8694.90025662167,3.05030191331024,50.2500297711198
World,WLD,2008,YR2008,27.234791575934,63675554101967.7,1.85346306022271,9423.75725244088,0.606632401746324,59.359977731134
World,WLD,2009,YR2009,28.8434160220229,60395540053791.6,-1.67402065978651,8830.30690887831,-2.86229191392421,67.4787507674693
World,WLD,2010,YR2010,29.7599460194206,66113119131563.3,4.30065187346796,9551.33565289547,3.06057322926357,76.1428187901108
World,WLD,2011,YR2011,30.1473266268331,73448341079239,3.14027655362284,10488.3340155715,1.94744589501636,83.6951511239837
World,WLD,2012,YR2012,33.0038485414083,75145997061963.7,2.51696285255029,10605.2083219604,1.31752347126293,87.9075104583598
World,WLD,2013,YR2013,35.4274459268134,77302022602630.1,2.66293597856703,10781.8553053719,1.46189497759831,92.4385536453791
World,WLD,2014,YR2014,35.6370529903744,79450807677429.7,2.84745929049366,10952.3444187853,1.64820216713095,96.0296667013502
World,WLD,2015,YR2015,37.1756675825213,75198758494969,2.87915245635899,10246.5073623909,1.69129723582012,97.393163153992
World,WLD,2016,YR2016,38.3301425155331,76335795445380.4,2.59217168828746,10281.9087997747,1.41321459785564,100.692701178205
World,WLD,2017,YR2017,38.0344545765227,81229182706392.5,3.26197133914587,10817.4819474952,2.09606302673559,102.746700925928
World,WLD,2018,YR2018,40.9496203703559,86357073448746.1,3.04231315770377,11374.8467633071,1.91758929190739,106.514794035566
World,WLD,2019,YR2019,49.6150215146988,87697518999809,2.4750765471001,11428.5698505811,1.38534716505139,..
World,WLD,2020,YR2020,..,..,..,..,..,..
,,,,,,,,,
,,,,,,,,,
,,,,,,,,,
Data from database: World Development Indicators,,,,,,,,,
Last Updated: 10/15/2020,,,,,,,,,
